{
  "name" : "Encounter1 Encounter",
  "uuid" : "b8cee66f-3a38-47b3-9207-6a4acedda7d4",
  "formType" : "Encounter",
  "formElementGroups" : [ {
    "uuid" : "5107b949-86e3-40be-9c35-53996716b3e4",
    "name" : "First FEG",
    "displayOrder" : 1.0,
    "display" : "First FEG",
    "formElements" : [ {
      "name" : "First FE of first FEG",
      "uuid" : "74be43ae-1426-4c70-acab-c92fba6680e7",
      "keyValues" : [ ],
      "concept" : {
        "name" : "First FE of first FEG",
        "uuid" : "5cecf814-f533-439c-b882-e52f91b5fe56"
      },
      "displayOrder" : 1.0,
      "type" : "MultiSelect",
      "rule" : "'use strict';\n({params, imports}) => {\n  const encounter = params.entity;\n  const formElement = params.formElement;\n  const statusBuilder = new imports.rulesConfig.FormElementStatusBuilder({encounter, formElement});\n  const shouldHide = new imports.rulesConfig.RuleCondition({encounter, formElement}).valueInRegistration(\"Modify encounter1\").containsAnyAnswerConceptName(\"Hide first FE of first FEG\").matches();\n  statusBuilder.show().whenItem(shouldHide).is.not.truthy;\n  const formElementStatus = statusBuilder.build();\n  return formElementStatus;\n};",
      "mandatory" : false
    }, {
      "name" : "Last FE of first FEG",
      "uuid" : "23da7243-36eb-49a1-b758-d49263b8c450",
      "keyValues" : [ ],
      "concept" : {
        "name" : "Last FE of first FEG",
        "uuid" : "93377e4c-6fec-4cfb-ada1-63eec16ba09a"
      },
      "displayOrder" : 2.0,
      "type" : "SingleSelect",
      "rule" : "'use strict';\n({params, imports}) => {\n  const encounter = params.entity;\n  const formElement = params.formElement;\n  const statusBuilder = new imports.rulesConfig.FormElementStatusBuilder({encounter, formElement});\n  const shouldHide = new imports.rulesConfig.RuleCondition({encounter, formElement}).valueInRegistration(\"Modify encounter1\").containsAnyAnswerConceptName(\"Hide last FE of first FEG\").or.valueInEncounter(\"First FE of first FEG\").containsAnyAnswerConceptName(\"Hide last FE of first FEG\").matches()\n  statusBuilder.show().whenItem(shouldHide).is.not.truthy;\n    statusBuilder.validationError(\"123 is invalid\").when.valueInEncounter(\"Last FE of first FEG\").equals(\"123\");\n  const formElementStatus = statusBuilder.build();\n  return formElementStatus;\n};",
      "mandatory" : false
    } ],
    "rule" : "'use strict';\n({params, imports}) => {\n    const encounter = params.entity;\n    const formElementGroup = params.formElementGroup;\n    const shouldHide = new imports.rulesConfig.RuleCondition({encounter, formElementGroup}).valueInRegistration(\"Modify encounter1\").containsAnyAnswerConceptName(\"Hide first FEG\").matches();\n    return formElementGroup.formElements.map(({uuid}) => {\n        return new imports.rulesConfig.FormElementStatus(uuid, !shouldHide, null);\n    });\n};"
  }, {
    "uuid" : "0d9cc9e8-cf2c-4cdb-889e-772a423ee922",
    "name" : "Second FEG",
    "displayOrder" : 2.0,
    "display" : "Second FEG",
    "formElements" : [ {
      "name" : "First FE of Second FEG",
      "uuid" : "aaf84460-be97-4a67-98ab-c958c5061687",
      "keyValues" : [ ],
      "concept" : {
        "name" : "First FE of second FEG",
        "uuid" : "a31a7ec6-d2a0-4756-806f-dc44646dd233"
      },
      "displayOrder" : 1.0,
      "type" : "SingleSelect",
      "rule" : "'use strict';\n({params, imports}) => {\n  const encounter = params.entity;\n  const formElement = params.formElement;\n  const statusBuilder = new imports.rulesConfig.FormElementStatusBuilder({encounter, formElement});\n  const shouldHide = new imports.rulesConfig.RuleCondition({encounter, formElement}).valueInRegistration(\"Modify encounter1\").containsAnyAnswerConceptName(\"Hide first FE of second FEG\").or.valueInEncounter(\"First FE of first FEG\").containsAnyAnswerConceptName(\"Hide first FE of second FEG\").matches();\n  statusBuilder.show().whenItem(shouldHide).is.not.truthy;\n  const formElementStatus = statusBuilder.build();\n  return formElementStatus;\n};",
      "mandatory" : false
    }, {
      "name" : "Last FE of Second FG",
      "uuid" : "7a71fc4e-8131-4aa2-a934-c012bec38170",
      "keyValues" : [ ],
      "concept" : {
        "name" : "Last FE of second FG",
        "uuid" : "df360713-57dc-4ed5-82bc-10a1f69a8aed"
      },
      "displayOrder" : 2.0,
      "type" : "SingleSelect",
      "rule" : "'use strict';\n({params, imports}) => {\n  const encounter = params.entity;\n  const formElement = params.formElement;\n  const statusBuilder = new imports.rulesConfig.FormElementStatusBuilder({encounter, formElement});\n  const shouldHide = new imports.rulesConfig.RuleCondition({encounter, formElement}).valueInRegistration(\"Modify encounter1\").containsAnyAnswerConceptName(\"Hide last FE of second FEG\").matches();\n  statusBuilder.show().whenItem(shouldHide).is.not.truthy;\n  const formElementStatus = statusBuilder.build();\n  return formElementStatus;\n};",
      "mandatory" : false
    } ],
    "rule" : "'use strict';\n({params, imports}) => {\n    const encounter = params.entity;\n    const formElementGroup = params.formElementGroup;\n    const shouldHide = new imports.rulesConfig.RuleCondition({encounter, formElementGroup}).valueInRegistration(\"Modify encounter1\").containsAnyAnswerConceptName(\"Hide second FEG\").or.valueInEncounter(\"First FE of first FEG\").containsAnyAnswerConceptName(\"Hide second FEG\").matches();\n    return formElementGroup.formElements.map(({uuid}) => {\n        return new imports.rulesConfig.FormElementStatus(uuid, !shouldHide, null);\n    });\n};"
  }, {
    "uuid" : "7890f371-b972-4bba-ad08-f0cf8bfba685",
    "name" : "Last FEG",
    "displayOrder" : 3.0,
    "display" : "Last FEG",
    "formElements" : [ {
      "name" : "First FE of Last FEG",
      "uuid" : "8d0eb081-7a1b-4c52-b5c5-2898f57993f3",
      "keyValues" : [ ],
      "concept" : {
        "name" : "First FE of last FEG",
        "uuid" : "e1f7b0aa-bb2a-482d-b554-8f6ce8eab9b8"
      },
      "displayOrder" : 1.0,
      "type" : "SingleSelect",
      "rule" : "'use strict';\n({params, imports}) => {\n  const encounter = params.entity;\n  const formElement = params.formElement;\n  const statusBuilder = new imports.rulesConfig.FormElementStatusBuilder({encounter, formElement});\n  const shouldHide = new imports.rulesConfig.RuleCondition({encounter, formElement}).valueInRegistration(\"Modify encounter1\").containsAnyAnswerConceptName(\"Hide first FE of last FEG\").matches();\n  statusBuilder.show().whenItem(shouldHide).is.not.truthy;\n  const formElementStatus = statusBuilder.build();\n  return formElementStatus;\n};",
      "mandatory" : false
    }, {
      "name" : "Last FE of Last FEG",
      "uuid" : "4e3c63b8-84bb-4820-b983-18b5b6a97f3d",
      "keyValues" : [ ],
      "concept" : {
        "name" : "Last FE of last FEG",
        "uuid" : "d6975e88-7bdc-4902-b7af-98ae1c9067ab"
      },
      "displayOrder" : 2.0,
      "type" : "SingleSelect",
      "rule" : "'use strict';\n({params, imports}) => {\n  const encounter = params.entity;\n  const formElement = params.formElement;\n  const statusBuilder = new imports.rulesConfig.FormElementStatusBuilder({encounter, formElement});\n  const shouldHide = new imports.rulesConfig.RuleCondition({encounter, formElement}).valueInRegistration(\"Modify encounter1\").containsAnyAnswerConceptName(\"Hide last FE of last FEG\").matches();\n  statusBuilder.show().whenItem(shouldHide).is.not.truthy;\n  const formElementStatus = statusBuilder.build();\n  return formElementStatus;\n};",
      "mandatory" : false
    } ],
    "rule" : "'use strict';\n({params, imports}) => {\n    const encounter = params.entity;\n    const formElementGroup = params.formElementGroup;\n    const shouldHide = new imports.rulesConfig.RuleCondition({encounter, formElementGroup}).valueInRegistration(\"Modify encounter1\").containsAnyAnswerConceptName(\"Hide last FEG\").matches();\n    return formElementGroup.formElements.map(({uuid}) => {\n        return new imports.rulesConfig.FormElementStatus(uuid, !shouldHide, null);\n    });\n};"
  } ],
  "decisionRule" : "",
  "visitScheduleRule" : "",
  "validationRule" : "",
  "checklistsRule" : ""
}