{
  "name" : "ProgramEncounter1 Encounter (voided~52)",
  "uuid" : "81ee8520-f6ab-4a1e-a53c-1c99a425714a",
  "formType" : "ProgramEncounter",
  "formElementGroups" : [ {
    "uuid" : "2106d49b-4fd8-4fdd-8dfc-3a02c4a9ad12",
    "name" : "First FEG",
    "displayOrder" : 1.0,
    "display" : "First FEG",
    "formElements" : [ {
      "name" : "First FE of first FEG",
      "uuid" : "986ddb95-15e9-42d7-b2a9-8fd4d92dc83b",
      "keyValues" : [ ],
      "concept" : {
        "name" : "First FE of first FEG",
        "uuid" : "5cecf814-f533-439c-b882-e52f91b5fe56"
      },
      "displayOrder" : 1.0,
      "type" : "SingleSelect",
      "mandatory" : false
    }, {
      "name" : "Last FE of first FEG",
      "uuid" : "c415354c-1925-49e3-a701-2d23aec3b45e",
      "keyValues" : [ ],
      "concept" : {
        "name" : "Last FE of first FEG",
        "uuid" : "93377e4c-6fec-4cfb-ada1-63eec16ba09a"
      },
      "displayOrder" : 2.0,
      "type" : "SingleSelect",
      "mandatory" : false
    } ]
  } ],
  "decisionRule" : "",
  "visitScheduleRule" : "",
  "validationRule" : "",
  "checklistsRule" : "",
  "voided" : true
}