[ {
  "uuid" : "77ac7d74-8a4a-4068-a541-6c64825a2348",
  "id" : 276,
  "formUUID" : "ef520d30-590d-49bc-93e1-7fa373f9c96e",
  "subjectTypeUUID" : "50a5aee8-3592-4101-8ed4-d277145b1e6b",
  "formType" : "IndividualProfile",
  "formName" : "Individual Registration"
}, {
  "uuid" : "d4505a7f-0220-4d1d-93cf-6f6647ab478e",
  "id" : 275,
  "formUUID" : "321f5a0f-2bda-4d7e-ba1c-24bbb5bfef6f",
  "subjectTypeUUID" : "50a5aee8-3592-4101-8ed4-d277145b1e6b",
  "formType" : "IndividualProfile",
  "formName" : "Individual Registration Test",
  "voided" : true
}, {
  "uuid" : "88b89835-c112-4c46-8712-4d83490b877a",
  "id" : 274,
  "formUUID" : "321f5a0f-2bda-4d7e-ba1c-24bbb5bfef6f",
  "subjectTypeUUID" : "1cf34749-519b-4bef-afc3-2b6facbeaace",
  "formType" : "IndividualProfile",
  "formName" : "Individual Registration Test"
}, {
  "uuid" : "27cbdef7-4784-40df-b73d-d265abc77f88",
  "id" : 273,
  "formUUID" : "6442ee31-8485-468f-bd41-2b4b978a22ff",
  "subjectTypeUUID" : "fcefba1c-f9cf-489d-9f4f-41f86a6fa4ea",
  "formType" : "IndividualProfile",
  "formName" : "Empty Registration"
}, {
  "uuid" : "4b21deb3-6ab9-4493-8042-7bcd1f5979d3",
  "id" : 272,
  "formUUID" : "321f5a0f-2bda-4d7e-ba1c-24bbb5bfef6f",
  "subjectTypeUUID" : "50a5aee8-3592-4101-8ed4-d277145b1e6b",
  "formType" : "IndividualProfile",
  "formName" : "Individual Registration Test",
  "voided" : true
}, {
  "uuid" : "32ebae59-9799-4955-ab5c-c6b4e4996449",
  "id" : 271,
  "formUUID" : "ef520d30-590d-49bc-93e1-7fa373f9c96e",
  "subjectTypeUUID" : "50a5aee8-3592-4101-8ed4-d277145b1e6b",
  "formType" : "IndividualProfile",
  "formName" : "Individual Registration",
  "voided" : true
}, {
  "uuid" : "f7d4d945-70c1-479b-9ed4-b84b0953e302",
  "id" : 270,
  "formUUID" : "6442ee31-8485-468f-bd41-2b4b978a22ff",
  "subjectTypeUUID" : "50a5aee8-3592-4101-8ed4-d277145b1e6b",
  "formType" : "IndividualProfile",
  "formName" : "Empty Registration",
  "voided" : true
}, {
  "uuid" : "497163b3-ae8f-4379-869f-ad0f51debe61",
  "id" : 269,
  "formUUID" : "321f5a0f-2bda-4d7e-ba1c-24bbb5bfef6f",
  "subjectTypeUUID" : "50a5aee8-3592-4101-8ed4-d277145b1e6b",
  "formType" : "IndividualProfile",
  "formName" : "Individual Registration Test",
  "voided" : true
}, {
  "uuid" : "b6414372-0275-48b8-ab24-9e1918bd0bba",
  "id" : 236,
  "formUUID" : "ef520d30-590d-49bc-93e1-7fa373f9c96e",
  "subjectTypeUUID" : "50a5aee8-3592-4101-8ed4-d277145b1e6b",
  "formType" : "IndividualProfile",
  "formName" : "Individual Registration",
  "voided" : true
}, {
  "uuid" : "65293689-18f0-4ba1-b82c-ea43c3f0c73c",
  "id" : 268,
  "formUUID" : "0df5d63c-4899-4be6-958c-79959b6cfbd2",
  "programUUID" : "7b67cb52-bdca-4284-a507-6df4ec01dbfb",
  "encounterTypeUUID" : "76fa7405-cfa5-42c9-ac1c-79c6c3650fa5",
  "subjectTypeUUID" : "50a5aee8-3592-4101-8ed4-d277145b1e6b",
  "formType" : "ProgramEncounterCancellation",
  "formName" : "ProgramEncounter1 Cancellation Test"
}, {
  "uuid" : "b849b88f-c8fe-4e71-8d0a-77e65d4681d5",
  "id" : 267,
  "formUUID" : "9eed9165-baf4-42f1-af0d-4f807a57142b",
  "programUUID" : "7b67cb52-bdca-4284-a507-6df4ec01dbfb",
  "encounterTypeUUID" : "76fa7405-cfa5-42c9-ac1c-79c6c3650fa5",
  "subjectTypeUUID" : "50a5aee8-3592-4101-8ed4-d277145b1e6b",
  "formType" : "ProgramEncounter",
  "formName" : "ProgramEncounter1 Test"
}, {
  "uuid" : "32e31169-d6b6-4665-80f9-1536dd36b04f",
  "id" : 266,
  "formUUID" : "7841bdd9-5828-452d-ab4f-31f0b4629dbc",
  "programUUID" : "7b67cb52-bdca-4284-a507-6df4ec01dbfb",
  "encounterTypeUUID" : "76fa7405-cfa5-42c9-ac1c-79c6c3650fa5",
  "subjectTypeUUID" : "50a5aee8-3592-4101-8ed4-d277145b1e6b",
  "formType" : "ProgramEncounterCancellation",
  "formName" : "Empty Program Encounter Encounter Cancellation",
  "voided" : true
}, {
  "uuid" : "9a46a94b-eb4e-414b-b728-c53da41e5dde",
  "id" : 265,
  "formUUID" : "9eed9165-baf4-42f1-af0d-4f807a57142b",
  "programUUID" : "7b67cb52-bdca-4284-a507-6df4ec01dbfb",
  "encounterTypeUUID" : "76fa7405-cfa5-42c9-ac1c-79c6c3650fa5",
  "subjectTypeUUID" : "50a5aee8-3592-4101-8ed4-d277145b1e6b",
  "formType" : "ProgramEncounter",
  "formName" : "ProgramEncounter1 Test",
  "voided" : true
}, {
  "uuid" : "196bd50f-d25b-43d3-9e4f-33094d2b9be2",
  "id" : 264,
  "formUUID" : "0df5d63c-4899-4be6-958c-79959b6cfbd2",
  "programUUID" : "7b67cb52-bdca-4284-a507-6df4ec01dbfb",
  "encounterTypeUUID" : "76fa7405-cfa5-42c9-ac1c-79c6c3650fa5",
  "subjectTypeUUID" : "50a5aee8-3592-4101-8ed4-d277145b1e6b",
  "formType" : "ProgramEncounterCancellation",
  "formName" : "ProgramEncounter1 Cancellation Test",
  "voided" : true
}, {
  "uuid" : "350f5b35-92a7-4bd0-9cbb-95afca9d6679",
  "id" : 263,
  "formUUID" : "8d7b09ef-83e0-496e-9940-bdb402ce5ab3",
  "programUUID" : "7b67cb52-bdca-4284-a507-6df4ec01dbfb",
  "encounterTypeUUID" : "76fa7405-cfa5-42c9-ac1c-79c6c3650fa5",
  "subjectTypeUUID" : "50a5aee8-3592-4101-8ed4-d277145b1e6b",
  "formType" : "ProgramEncounter",
  "formName" : "Empty Program Encounter Encounter",
  "voided" : true
}, {
  "uuid" : "bce9122e-5e3b-43da-9058-2fa2f77bbbe2",
  "id" : 262,
  "formUUID" : "7841bdd9-5828-452d-ab4f-31f0b4629dbc",
  "programUUID" : "7b67cb52-bdca-4284-a507-6df4ec01dbfb",
  "encounterTypeUUID" : "b8bceeee-82bc-4d0c-95bf-293bc8f10d40",
  "subjectTypeUUID" : "50a5aee8-3592-4101-8ed4-d277145b1e6b",
  "formType" : "ProgramEncounterCancellation",
  "formName" : "Empty Program Encounter Encounter Cancellation"
}, {
  "uuid" : "49491cd6-e551-4d2b-acd8-d4350423345c",
  "id" : 261,
  "formUUID" : "8d7b09ef-83e0-496e-9940-bdb402ce5ab3",
  "programUUID" : "7b67cb52-bdca-4284-a507-6df4ec01dbfb",
  "encounterTypeUUID" : "b8bceeee-82bc-4d0c-95bf-293bc8f10d40",
  "subjectTypeUUID" : "50a5aee8-3592-4101-8ed4-d277145b1e6b",
  "formType" : "ProgramEncounter",
  "formName" : "Empty Program Encounter Encounter"
}, {
  "uuid" : "3530e402-ceef-4579-bb0f-ef21b600bcbb",
  "id" : 260,
  "formUUID" : "682be28b-8ba6-4fb9-abe7-cd1ea3e78957",
  "encounterTypeUUID" : "9a209285-bf45-4e11-a945-4f54235c9095",
  "subjectTypeUUID" : "50a5aee8-3592-4101-8ed4-d277145b1e6b",
  "formType" : "IndividualEncounterCancellation",
  "formName" : "Encounter1 Cancellation Test"
}, {
  "uuid" : "7acc9a13-f6d2-46dc-9c06-33218b6b6942",
  "id" : 259,
  "formUUID" : "b8cee66f-3a38-47b3-9207-6a4acedda7d4",
  "encounterTypeUUID" : "9a209285-bf45-4e11-a945-4f54235c9095",
  "subjectTypeUUID" : "50a5aee8-3592-4101-8ed4-d277145b1e6b",
  "formType" : "Encounter",
  "formName" : "Encounter1 Encounter"
}, {
  "uuid" : "17a84d70-d33a-4144-a555-e6de62f398b4",
  "id" : 258,
  "formUUID" : "ca47fdcd-8fd2-4552-a8db-690d61ce5540",
  "encounterTypeUUID" : "9a209285-bf45-4e11-a945-4f54235c9095",
  "subjectTypeUUID" : "50a5aee8-3592-4101-8ed4-d277145b1e6b",
  "formType" : "IndividualEncounterCancellation",
  "formName" : "Empty Encounter Cancellation",
  "voided" : true
}, {
  "uuid" : "a5a094fe-4e09-4b44-a3c5-41f1c037136b",
  "id" : 257,
  "formUUID" : "b8cee66f-3a38-47b3-9207-6a4acedda7d4",
  "encounterTypeUUID" : "9a209285-bf45-4e11-a945-4f54235c9095",
  "subjectTypeUUID" : "50a5aee8-3592-4101-8ed4-d277145b1e6b",
  "formType" : "Encounter",
  "formName" : "Encounter1 Encounter",
  "voided" : true
}, {
  "uuid" : "d267740b-74cd-4cb6-b3e7-fb70d1bf74b5",
  "id" : 256,
  "formUUID" : "061f20a4-e16f-411a-9868-de7b39dcb846",
  "programUUID" : "7b67cb52-bdca-4284-a507-6df4ec01dbfb",
  "subjectTypeUUID" : "50a5aee8-3592-4101-8ed4-d277145b1e6b",
  "formType" : "ProgramExit",
  "formName" : "Program1 Exit Test"
}, {
  "uuid" : "8d5bbb34-8fc9-4f81-94af-887596213d9e",
  "id" : 255,
  "formUUID" : "cc4a6c7c-ffb6-4a45-a84b-59e2ea5433ea",
  "programUUID" : "7b67cb52-bdca-4284-a507-6df4ec01dbfb",
  "subjectTypeUUID" : "50a5aee8-3592-4101-8ed4-d277145b1e6b",
  "formType" : "ProgramEnrolment",
  "formName" : "Program1 Enrolment"
}, {
  "uuid" : "7b8ec3cc-59ac-4ead-b3c1-065354af89b1",
  "id" : 254,
  "formUUID" : "682be28b-8ba6-4fb9-abe7-cd1ea3e78957",
  "encounterTypeUUID" : "9a209285-bf45-4e11-a945-4f54235c9095",
  "subjectTypeUUID" : "50a5aee8-3592-4101-8ed4-d277145b1e6b",
  "formType" : "IndividualEncounterCancellation",
  "formName" : "Encounter1 Cancellation Test",
  "voided" : true
}, {
  "uuid" : "887d1923-90ce-4aa8-abdb-266f85165cce",
  "id" : 253,
  "formUUID" : "b8cee66f-3a38-47b3-9207-6a4acedda7d4",
  "encounterTypeUUID" : "9a209285-bf45-4e11-a945-4f54235c9095",
  "subjectTypeUUID" : "50a5aee8-3592-4101-8ed4-d277145b1e6b",
  "formType" : "Encounter",
  "formName" : "Encounter1 Encounter",
  "voided" : true
}, {
  "uuid" : "b4469949-78f6-4b00-8a6b-006e20eaa3a0",
  "id" : 252,
  "formUUID" : "0df5d63c-4899-4be6-958c-79959b6cfbd2",
  "programUUID" : "7b67cb52-bdca-4284-a507-6df4ec01dbfb",
  "encounterTypeUUID" : "76fa7405-cfa5-42c9-ac1c-79c6c3650fa5",
  "subjectTypeUUID" : "50a5aee8-3592-4101-8ed4-d277145b1e6b",
  "formType" : "ProgramEncounterCancellation",
  "formName" : "ProgramEncounter1 Cancellation Test",
  "voided" : true
}, {
  "uuid" : "6bb6c62b-c493-4e11-bd09-068f63d4e6c4",
  "id" : 251,
  "formUUID" : "9eed9165-baf4-42f1-af0d-4f807a57142b",
  "programUUID" : "7b67cb52-bdca-4284-a507-6df4ec01dbfb",
  "encounterTypeUUID" : "76fa7405-cfa5-42c9-ac1c-79c6c3650fa5",
  "subjectTypeUUID" : "50a5aee8-3592-4101-8ed4-d277145b1e6b",
  "formType" : "ProgramEncounter",
  "formName" : "ProgramEncounter1 Test",
  "voided" : true
}, {
  "uuid" : "20f388f6-7ddb-4950-a001-caa846e1630a",
  "id" : 250,
  "formUUID" : "1f138fa1-4815-45a7-a700-9bd1cc70ebf8",
  "programUUID" : "7b67cb52-bdca-4284-a507-6df4ec01dbfb",
  "encounterTypeUUID" : "76fa7405-cfa5-42c9-ac1c-79c6c3650fa5",
  "subjectTypeUUID" : "50a5aee8-3592-4101-8ed4-d277145b1e6b",
  "formType" : "ProgramEncounterCancellation",
  "formName" : "ProgramEncounter1 Encounter Cancellation (voided~53)",
  "voided" : true
}, {
  "uuid" : "43d793c5-1f3c-461a-b995-06543a8c6a01",
  "id" : 249,
  "formUUID" : "9eed9165-baf4-42f1-af0d-4f807a57142b",
  "programUUID" : "7b67cb52-bdca-4284-a507-6df4ec01dbfb",
  "encounterTypeUUID" : "76fa7405-cfa5-42c9-ac1c-79c6c3650fa5",
  "subjectTypeUUID" : "50a5aee8-3592-4101-8ed4-d277145b1e6b",
  "formType" : "ProgramEncounter",
  "formName" : "ProgramEncounter1 Test",
  "voided" : true
}, {
  "uuid" : "2eb6f7df-c5cd-4aad-aed9-4e52bf5a3a85",
  "id" : 248,
  "formUUID" : "f2fe9c4d-e557-4d03-bf88-63b516212a37",
  "programUUID" : "2f833ff0-3392-49b3-9fff-ed0d5a26fe9e",
  "subjectTypeUUID" : "50a5aee8-3592-4101-8ed4-d277145b1e6b",
  "formType" : "ProgramExit",
  "formName" : "EmptyProgram Exit"
}, {
  "uuid" : "9b0bdce9-d108-4ac0-8eea-51b36576b4a9",
  "id" : 247,
  "formUUID" : "356ee493-657b-498f-95c2-7b95b467b196",
  "programUUID" : "2f833ff0-3392-49b3-9fff-ed0d5a26fe9e",
  "subjectTypeUUID" : "50a5aee8-3592-4101-8ed4-d277145b1e6b",
  "formType" : "ProgramEnrolment",
  "formName" : "EmptyProgram Enrolment"
}, {
  "uuid" : "f3a44781-826c-49de-9eb0-08aaec00841c",
  "id" : 246,
  "formUUID" : "1f138fa1-4815-45a7-a700-9bd1cc70ebf8",
  "programUUID" : "7b67cb52-bdca-4284-a507-6df4ec01dbfb",
  "encounterTypeUUID" : "76fa7405-cfa5-42c9-ac1c-79c6c3650fa5",
  "subjectTypeUUID" : "50a5aee8-3592-4101-8ed4-d277145b1e6b",
  "formType" : "ProgramEncounterCancellation",
  "formName" : "ProgramEncounter1 Encounter Cancellation (voided~53)",
  "voided" : true
}, {
  "uuid" : "8a274427-2273-4145-b361-f73d51601b27",
  "id" : 245,
  "formUUID" : "81ee8520-f6ab-4a1e-a53c-1c99a425714a",
  "programUUID" : "7b67cb52-bdca-4284-a507-6df4ec01dbfb",
  "encounterTypeUUID" : "76fa7405-cfa5-42c9-ac1c-79c6c3650fa5",
  "subjectTypeUUID" : "50a5aee8-3592-4101-8ed4-d277145b1e6b",
  "formType" : "ProgramEncounter",
  "formName" : "ProgramEncounter1 Encounter (voided~52)",
  "voided" : true
}, {
  "uuid" : "c3b19022-b22a-446c-bc80-33999ec81da5",
  "id" : 244,
  "formUUID" : "3aea375b-721f-49b1-903a-3e80909f7000",
  "programUUID" : "7b67cb52-bdca-4284-a507-6df4ec01dbfb",
  "subjectTypeUUID" : "50a5aee8-3592-4101-8ed4-d277145b1e6b",
  "formType" : "ProgramExit",
  "formName" : "Program1 Exit",
  "voided" : true
}, {
  "uuid" : "069c381f-ad73-48a5-8fe8-e6afbddef687",
  "id" : 243,
  "formUUID" : "cc4a6c7c-ffb6-4a45-a84b-59e2ea5433ea",
  "programUUID" : "7b67cb52-bdca-4284-a507-6df4ec01dbfb",
  "subjectTypeUUID" : "50a5aee8-3592-4101-8ed4-d277145b1e6b",
  "formType" : "ProgramEnrolment",
  "formName" : "Program1 Enrolment",
  "voided" : true
}, {
  "uuid" : "fcc120a0-da54-4ce8-8b87-9c87d7b528fe",
  "id" : 242,
  "formUUID" : "ca47fdcd-8fd2-4552-a8db-690d61ce5540",
  "encounterTypeUUID" : "a3c0adb9-0d32-4251-8ca5-b6278c907b80",
  "subjectTypeUUID" : "50a5aee8-3592-4101-8ed4-d277145b1e6b",
  "formType" : "IndividualEncounterCancellation",
  "formName" : "Empty Encounter Cancellation"
}, {
  "uuid" : "8a2371a8-949c-4bdf-9de9-63140fb4d785",
  "id" : 241,
  "formUUID" : "4fdd039f-b596-465f-82c8-0327dc70c657",
  "encounterTypeUUID" : "a3c0adb9-0d32-4251-8ca5-b6278c907b80",
  "subjectTypeUUID" : "50a5aee8-3592-4101-8ed4-d277145b1e6b",
  "formType" : "Encounter",
  "formName" : "Empty Encounter"
}, {
  "uuid" : "8cc009b1-4f1e-4419-901e-c29aca936c76",
  "id" : 240,
  "formUUID" : "ca47fdcd-8fd2-4552-a8db-690d61ce5540",
  "encounterTypeUUID" : "a3c0adb9-0d32-4251-8ca5-b6278c907b80",
  "subjectTypeUUID" : "50a5aee8-3592-4101-8ed4-d277145b1e6b",
  "formType" : "IndividualEncounterCancellation",
  "formName" : "Empty Encounter Cancellation",
  "voided" : true
}, {
  "uuid" : "af6fffd4-c0a9-4178-bf60-580ba84aa169",
  "id" : 239,
  "formUUID" : "4fdd039f-b596-465f-82c8-0327dc70c657",
  "encounterTypeUUID" : "a3c0adb9-0d32-4251-8ca5-b6278c907b80",
  "subjectTypeUUID" : "50a5aee8-3592-4101-8ed4-d277145b1e6b",
  "formType" : "Encounter",
  "formName" : "Empty Encounter",
  "voided" : true
}, {
  "uuid" : "8d544c13-3891-4091-926b-c3eb13f79f7a",
  "id" : 238,
  "formUUID" : "66f8b267-7997-4acf-8f45-7cc54266eed4",
  "encounterTypeUUID" : "9a209285-bf45-4e11-a945-4f54235c9095",
  "subjectTypeUUID" : "50a5aee8-3592-4101-8ed4-d277145b1e6b",
  "formType" : "IndividualEncounterCancellation",
  "formName" : "Encounter1 Encounter Cancellation",
  "voided" : true
}, {
  "uuid" : "1293b763-8356-4870-b819-bdb9209efbfd",
  "id" : 237,
  "formUUID" : "b8cee66f-3a38-47b3-9207-6a4acedda7d4",
  "encounterTypeUUID" : "9a209285-bf45-4e11-a945-4f54235c9095",
  "subjectTypeUUID" : "50a5aee8-3592-4101-8ed4-d277145b1e6b",
  "formType" : "Encounter",
  "formName" : "Encounter1 Encounter",
  "voided" : true
}, {
  "uuid" : "b917f4eb-6b2b-4a5e-a486-10f5cb371a1d",
  "id" : 235,
  "formUUID" : "ef520d30-590d-49bc-93e1-7fa373f9c96e",
  "subjectTypeUUID" : "50a5aee8-3592-4101-8ed4-d277145b1e6b",
  "formType" : "IndividualProfile",
  "formName" : "Individual Registration",
  "voided" : true
} ]