{
  "operationalEncounterTypes" : [ {
    "uuid" : "d232fe1a-c71d-4703-967b-d085d8b358f8",
    "encounterType" : {
      "uuid" : "b8bceeee-82bc-4d0c-95bf-293bc8f10d40"
    },
    "name" : "Empty Program Encounter"
  }, {
    "uuid" : "13593441-7bc6-4fa6-981f-075daefc722d",
    "encounterType" : {
      "uuid" : "76fa7405-cfa5-42c9-ac1c-79c6c3650fa5"
    },
    "name" : "ProgramEncounter1"
  }, {
    "uuid" : "d0d47b84-9847-47a0-8ac4-a21a6ed3baea",
    "encounterType" : {
      "uuid" : "a3c0adb9-0d32-4251-8ca5-b6278c907b80"
    },
    "name" : "Empty Encounter"
  }, {
    "uuid" : "33570a4f-dc8a-4ef4-8e2c-3cccd3ba73b2",
    "encounterType" : {
      "uuid" : "9a209285-bf45-4e11-a945-4f54235c9095"
    },
    "name" : "Encounter1"
  } ]
}